-- phpMyAdmin SQL Dump
-- version 5.2.0
-- https://www.phpmyadmin.net/
--
-- Host: 127.0.0.1
-- Generation Time: Nov 10, 2023 at 03:24 PM
-- Server version: 10.4.25-MariaDB
-- PHP Version: 8.1.10

SET SQL_MODE = "NO_AUTO_VALUE_ON_ZERO";
START TRANSACTION;
SET time_zone = "+00:00";


/*!40101 SET @OLD_CHARACTER_SET_CLIENT=@@CHARACTER_SET_CLIENT */;
/*!40101 SET @OLD_CHARACTER_SET_RESULTS=@@CHARACTER_SET_RESULTS */;
/*!40101 SET @OLD_COLLATION_CONNECTION=@@COLLATION_CONNECTION */;
/*!40101 SET NAMES utf8mb4 */;

--
-- Database: `aasmnhs`
--

-- --------------------------------------------------------

--
-- Table structure for table `course`
--

CREATE TABLE `course` (
  `COURSE_ID` int(11) NOT NULL,
  `COURSE_NAME` varchar(30) NOT NULL,
  `COURSE_LEVEL` varchar(50) NOT NULL DEFAULT '1',
  `COURSE_MAJOR` varchar(30) NOT NULL DEFAULT 'None',
  `COURSE_DESC` varchar(255) NOT NULL,
  `DEPT_ID` int(11) NOT NULL,
  `SETSEMESTER` varchar(90) NOT NULL
) ENGINE=InnoDB DEFAULT CHARSET=latin1;

--
-- Dumping data for table `course`
--

INSERT INTO `course` (`COURSE_ID`, `COURSE_NAME`, `COURSE_LEVEL`, `COURSE_MAJOR`, `COURSE_DESC`, `DEPT_ID`, `SETSEMESTER`) VALUES
(1, 'Information and Computer Techn', '1', 'Information Tech', 'ICT', 33, ''),
(2, 'The Humanities and Social Scie', '1', 'HUMMS', 'HUMMS', 34, '');

-- --------------------------------------------------------

--
-- Table structure for table `department`
--

CREATE TABLE `department` (
  `DEPT_ID` int(11) NOT NULL,
  `DEPARTMENT_NAME` varchar(30) NOT NULL,
  `DEPARTMENT_DESC` varchar(50) NOT NULL
) ENGINE=InnoDB DEFAULT CHARSET=latin1;

--
-- Dumping data for table `department`
--

INSERT INTO `department` (`DEPT_ID`, `DEPARTMENT_NAME`, `DEPARTMENT_DESC`) VALUES
(33, 'TVL', 'Technical-Vocational Livelihood (HE, ICT)'),
(34, 'Academic', 'ABM, HUMMS, STEM, GENERAL ACADEMIC');

-- --------------------------------------------------------

--
-- Table structure for table `grades`
--

CREATE TABLE `grades` (
  `GRADE_ID` int(11) NOT NULL,
  `IDNO` int(11) NOT NULL,
  `SUBJ_ID` int(11) NOT NULL,
  `FIRST` int(11) NOT NULL,
  `SECOND` int(11) NOT NULL,
  `THIRD` int(11) NOT NULL,
  `FOURTH` int(11) NOT NULL,
  `AVE` float NOT NULL,
  `REMARKS` text NOT NULL,
  `COMMENT` text NOT NULL,
  `SEMS` varchar(90) NOT NULL
) ENGINE=InnoDB DEFAULT CHARSET=latin1;

--
-- Dumping data for table `grades`
--

INSERT INTO `grades` (`GRADE_ID`, `IDNO`, `SUBJ_ID`, `FIRST`, `SECOND`, `THIRD`, `FOURTH`, `AVE`, `REMARKS`, `COMMENT`, `SEMS`) VALUES
(1063, 100000076, 8, 0, 0, 0, 0, 0, '', '', ''),
(1064, 100000076, 40, 0, 0, 0, 0, 0, '', '', ''),
(1065, 100000076, 41, 0, 0, 0, 0, 0, '', '', ''),
(1066, 100000076, 42, 0, 0, 0, 0, 0, '', '', ''),
(1067, 100000076, 43, 0, 0, 0, 0, 0, '', '', ''),
(1068, 100000076, 44, 0, 0, 0, 0, 0, '', '', ''),
(1069, 100000076, 45, 0, 0, 0, 0, 0, '', '', ''),
(1070, 100000076, 46, 0, 0, 0, 0, 0, '', '', ''),
(1071, 100000076, 47, 0, 0, 0, 0, 0, '', '', ''),
(1072, 100000076, 48, 0, 0, 0, 0, 0, '', '', ''),
(1073, 100000077, 8, 0, 0, 0, 0, 0, '', '', ''),
(1074, 100000077, 40, 0, 0, 0, 0, 0, '', '', ''),
(1075, 100000077, 41, 0, 0, 0, 0, 0, '', '', ''),
(1076, 100000077, 42, 0, 0, 0, 0, 0, '', '', ''),
(1077, 100000077, 43, 0, 0, 0, 0, 0, '', '', ''),
(1078, 100000077, 44, 0, 0, 0, 0, 0, '', '', ''),
(1079, 100000077, 45, 0, 0, 0, 0, 0, '', '', ''),
(1080, 100000077, 46, 0, 0, 0, 0, 0, '', '', ''),
(1081, 100000077, 47, 0, 0, 0, 0, 0, '', '', ''),
(1082, 100000077, 48, 0, 0, 0, 0, 0, '', '', ''),
(1083, 100000079, 78, 0, 0, 0, 0, 0, '', '', ''),
(1084, 100000079, 79, 0, 0, 0, 0, 0, '', '', ''),
(1085, 100000079, 80, 0, 0, 0, 0, 0, '', '', ''),
(1086, 100000079, 81, 0, 0, 0, 0, 0, '', '', ''),
(1087, 100000079, 82, 0, 0, 0, 0, 0, '', '', ''),
(1088, 100000079, 83, 0, 0, 0, 0, 0, '', '', ''),
(1089, 100000079, 84, 0, 0, 0, 0, 0, '', '', ''),
(1090, 100000079, 85, 0, 0, 0, 0, 0, '', '', ''),
(1091, 100000079, 86, 0, 0, 0, 0, 0, '', '', ''),
(1092, 1000000100, 176, 0, 0, 0, 0, 0, '', '', ''),
(1093, 1000000100, 177, 0, 0, 0, 0, 0, '', '', ''),
(1094, 1000000100, 178, 0, 0, 0, 0, 0, '', '', ''),
(1095, 1000000100, 179, 0, 0, 0, 0, 0, '', '', ''),
(1096, 1000000100, 180, 0, 0, 0, 0, 0, '', '', ''),
(1097, 1000000100, 181, 0, 0, 0, 0, 0, '', '', ''),
(1098, 1000000100, 182, 0, 0, 0, 0, 0, '', '', ''),
(1099, 1000000100, 345, 0, 0, 0, 0, 0, '', '', ''),
(1100, 100000092, 8, 0, 0, 0, 0, 0, '', '', ''),
(1101, 100000092, 40, 0, 0, 0, 0, 0, '', '', ''),
(1102, 100000092, 41, 0, 0, 0, 0, 0, '', '', ''),
(1103, 100000092, 42, 0, 0, 0, 0, 0, '', '', ''),
(1104, 100000092, 43, 0, 0, 0, 0, 0, '', '', ''),
(1105, 100000092, 44, 0, 0, 0, 0, 0, '', '', ''),
(1106, 100000092, 45, 0, 0, 0, 0, 0, '', '', ''),
(1107, 100000092, 46, 0, 0, 0, 0, 0, '', '', ''),
(1108, 100000092, 47, 0, 0, 0, 0, 0, '', '', ''),
(1109, 100000092, 48, 0, 0, 0, 0, 0, '', '', ''),
(1110, 1000000126, 8, 0, 0, 0, 0, 0, '', '', ''),
(1111, 1000000126, 40, 0, 0, 0, 0, 0, '', '', ''),
(1112, 1000000126, 41, 0, 0, 0, 0, 0, '', '', ''),
(1113, 1000000126, 42, 0, 0, 0, 0, 0, '', '', ''),
(1114, 1000000126, 43, 0, 0, 0, 0, 0, '', '', ''),
(1115, 1000000126, 44, 0, 0, 0, 0, 0, '', '', ''),
(1116, 1000000126, 45, 0, 0, 0, 0, 0, '', '', ''),
(1117, 1000000126, 46, 0, 0, 0, 0, 0, '', '', ''),
(1118, 1000000126, 47, 0, 0, 0, 0, 0, '', '', ''),
(1119, 1000000126, 48, 0, 0, 0, 0, 0, '', '', ''),
(1120, 1000000127, 8, 0, 0, 0, 0, 0, '', '', ''),
(1121, 1000000127, 40, 0, 0, 0, 0, 0, '', '', ''),
(1122, 1000000127, 41, 0, 0, 0, 0, 0, '', '', ''),
(1123, 1000000127, 42, 0, 0, 0, 0, 0, '', '', ''),
(1124, 1000000127, 43, 0, 0, 0, 0, 0, '', '', ''),
(1125, 1000000127, 44, 0, 0, 0, 0, 0, '', '', ''),
(1126, 1000000127, 45, 0, 0, 0, 0, 0, '', '', ''),
(1127, 1000000127, 46, 0, 0, 0, 0, 0, '', '', ''),
(1128, 1000000127, 47, 0, 0, 0, 0, 0, '', '', ''),
(1129, 1000000127, 48, 0, 0, 0, 0, 0, '', '', ''),
(1130, 1000000190, 78, 0, 0, 0, 0, 0, '', '', ''),
(1131, 1000000190, 79, 0, 0, 0, 0, 0, '', '', ''),
(1132, 1000000190, 80, 0, 0, 0, 0, 0, '', '', ''),
(1133, 1000000190, 81, 0, 0, 0, 0, 0, '', '', ''),
(1134, 1000000190, 82, 0, 0, 0, 0, 0, '', '', ''),
(1135, 1000000190, 83, 0, 0, 0, 0, 0, '', '', ''),
(1136, 1000000190, 84, 0, 0, 0, 0, 0, '', '', ''),
(1137, 1000000190, 85, 0, 0, 0, 0, 0, '', '', ''),
(1138, 1000000190, 86, 0, 0, 0, 0, 0, '', '', ''),
(1139, 1000000201, 78, 0, 0, 0, 0, 0, '', '', ''),
(1140, 1000000201, 79, 0, 0, 0, 0, 0, '', '', ''),
(1141, 1000000201, 80, 0, 0, 0, 0, 0, '', '', ''),
(1142, 1000000201, 81, 0, 0, 0, 0, 0, '', '', ''),
(1143, 1000000201, 82, 0, 0, 0, 0, 0, '', '', ''),
(1144, 1000000201, 83, 0, 0, 0, 0, 0, '', '', ''),
(1145, 1000000201, 84, 0, 0, 0, 0, 0, '', '', ''),
(1146, 1000000201, 85, 0, 0, 0, 0, 0, '', '', ''),
(1147, 1000000201, 86, 0, 0, 0, 0, 0, '', '', ''),
(1148, 1000000200, 78, 0, 0, 0, 0, 0, '', '', ''),
(1149, 1000000200, 79, 0, 0, 0, 0, 0, '', '', ''),
(1150, 1000000200, 80, 0, 0, 0, 0, 0, '', '', ''),
(1151, 1000000200, 81, 0, 0, 0, 0, 0, '', '', ''),
(1152, 1000000200, 82, 0, 0, 0, 0, 0, '', '', ''),
(1153, 1000000200, 83, 0, 0, 0, 0, 0, '', '', ''),
(1154, 1000000200, 84, 0, 0, 0, 0, 0, '', '', ''),
(1155, 1000000200, 85, 0, 0, 0, 0, 0, '', '', ''),
(1156, 1000000200, 86, 0, 0, 0, 0, 0, '', '', ''),
(1157, 1000000199, 78, 0, 0, 0, 0, 0, '', '', ''),
(1158, 1000000199, 79, 0, 0, 0, 0, 0, '', '', ''),
(1159, 1000000199, 80, 0, 0, 0, 0, 0, '', '', ''),
(1160, 1000000199, 81, 0, 0, 0, 0, 0, '', '', ''),
(1161, 1000000199, 82, 0, 0, 0, 0, 0, '', '', ''),
(1162, 1000000199, 83, 0, 0, 0, 0, 0, '', '', ''),
(1163, 1000000199, 84, 0, 0, 0, 0, 0, '', '', ''),
(1164, 1000000199, 85, 0, 0, 0, 0, 0, '', '', ''),
(1165, 1000000199, 86, 0, 0, 0, 0, 0, '', '', ''),
(1166, 1000000198, 78, 0, 0, 0, 0, 0, '', '', ''),
(1167, 1000000198, 79, 0, 0, 0, 0, 0, '', '', ''),
(1168, 1000000198, 80, 0, 0, 0, 0, 0, '', '', ''),
(1169, 1000000198, 81, 0, 0, 0, 0, 0, '', '', ''),
(1170, 1000000198, 82, 0, 0, 0, 0, 0, '', '', ''),
(1171, 1000000198, 83, 0, 0, 0, 0, 0, '', '', ''),
(1172, 1000000198, 84, 0, 0, 0, 0, 0, '', '', ''),
(1173, 1000000198, 85, 0, 0, 0, 0, 0, '', '', ''),
(1174, 1000000198, 86, 0, 0, 0, 0, 0, '', '', ''),
(1175, 1000000197, 78, 0, 0, 0, 0, 0, '', '', ''),
(1176, 1000000197, 79, 0, 0, 0, 0, 0, '', '', ''),
(1177, 1000000197, 80, 0, 0, 0, 0, 0, '', '', ''),
(1178, 1000000197, 81, 0, 0, 0, 0, 0, '', '', ''),
(1179, 1000000197, 82, 0, 0, 0, 0, 0, '', '', ''),
(1180, 1000000197, 83, 0, 0, 0, 0, 0, '', '', ''),
(1181, 1000000197, 84, 0, 0, 0, 0, 0, '', '', ''),
(1182, 1000000197, 85, 0, 0, 0, 0, 0, '', '', ''),
(1183, 1000000197, 86, 0, 0, 0, 0, 0, '', '', ''),
(1184, 1000000196, 78, 0, 0, 0, 0, 0, '', '', ''),
(1185, 1000000196, 79, 0, 0, 0, 0, 0, '', '', ''),
(1186, 1000000196, 80, 0, 0, 0, 0, 0, '', '', ''),
(1187, 1000000196, 81, 0, 0, 0, 0, 0, '', '', ''),
(1188, 1000000196, 82, 0, 0, 0, 0, 0, '', '', ''),
(1189, 1000000196, 83, 0, 0, 0, 0, 0, '', '', ''),
(1190, 1000000196, 84, 0, 0, 0, 0, 0, '', '', ''),
(1191, 1000000196, 85, 0, 0, 0, 0, 0, '', '', ''),
(1192, 1000000196, 86, 0, 0, 0, 0, 0, '', '', ''),
(1193, 1000000195, 78, 0, 0, 0, 0, 0, '', '', ''),
(1194, 1000000195, 79, 0, 0, 0, 0, 0, '', '', ''),
(1195, 1000000195, 80, 0, 0, 0, 0, 0, '', '', ''),
(1196, 1000000195, 81, 0, 0, 0, 0, 0, '', '', ''),
(1197, 1000000195, 82, 0, 0, 0, 0, 0, '', '', ''),
(1198, 1000000195, 83, 0, 0, 0, 0, 0, '', '', ''),
(1199, 1000000195, 84, 0, 0, 0, 0, 0, '', '', ''),
(1200, 1000000195, 85, 0, 0, 0, 0, 0, '', '', ''),
(1201, 1000000195, 86, 0, 0, 0, 0, 0, '', '', ''),
(1202, 1000000194, 78, 0, 0, 0, 0, 0, '', '', ''),
(1203, 1000000194, 79, 0, 0, 0, 0, 0, '', '', ''),
(1204, 1000000194, 80, 0, 0, 0, 0, 0, '', '', ''),
(1205, 1000000194, 81, 0, 0, 0, 0, 0, '', '', ''),
(1206, 1000000194, 82, 0, 0, 0, 0, 0, '', '', ''),
(1207, 1000000194, 83, 0, 0, 0, 0, 0, '', '', ''),
(1208, 1000000194, 84, 0, 0, 0, 0, 0, '', '', ''),
(1209, 1000000194, 85, 0, 0, 0, 0, 0, '', '', ''),
(1210, 1000000194, 86, 0, 0, 0, 0, 0, '', '', ''),
(1211, 1000000193, 78, 0, 0, 0, 0, 0, '', '', ''),
(1212, 1000000193, 79, 0, 0, 0, 0, 0, '', '', ''),
(1213, 1000000193, 80, 0, 0, 0, 0, 0, '', '', ''),
(1214, 1000000193, 81, 0, 0, 0, 0, 0, '', '', ''),
(1215, 1000000193, 82, 0, 0, 0, 0, 0, '', '', ''),
(1216, 1000000193, 83, 0, 0, 0, 0, 0, '', '', ''),
(1217, 1000000193, 84, 0, 0, 0, 0, 0, '', '', ''),
(1218, 1000000193, 85, 0, 0, 0, 0, 0, '', '', ''),
(1219, 1000000193, 86, 0, 0, 0, 0, 0, '', '', ''),
(1220, 1000000192, 78, 0, 0, 0, 0, 0, '', '', ''),
(1221, 1000000192, 79, 0, 0, 0, 0, 0, '', '', ''),
(1222, 1000000192, 80, 0, 0, 0, 0, 0, '', '', ''),
(1223, 1000000192, 81, 0, 0, 0, 0, 0, '', '', ''),
(1224, 1000000192, 82, 0, 0, 0, 0, 0, '', '', ''),
(1225, 1000000192, 83, 0, 0, 0, 0, 0, '', '', ''),
(1226, 1000000192, 84, 0, 0, 0, 0, 0, '', '', ''),
(1227, 1000000192, 85, 0, 0, 0, 0, 0, '', '', ''),
(1228, 1000000192, 86, 0, 0, 0, 0, 0, '', '', ''),
(1229, 1000000191, 78, 0, 0, 0, 0, 0, '', '', ''),
(1230, 1000000191, 79, 0, 0, 0, 0, 0, '', '', ''),
(1231, 1000000191, 80, 0, 0, 0, 0, 0, '', '', ''),
(1232, 1000000191, 81, 0, 0, 0, 0, 0, '', '', ''),
(1233, 1000000191, 82, 0, 0, 0, 0, 0, '', '', ''),
(1234, 1000000191, 83, 0, 0, 0, 0, 0, '', '', ''),
(1235, 1000000191, 84, 0, 0, 0, 0, 0, '', '', ''),
(1236, 1000000191, 85, 0, 0, 0, 0, 0, '', '', ''),
(1237, 1000000191, 86, 0, 0, 0, 0, 0, '', '', ''),
(1238, 1000000189, 78, 0, 0, 0, 0, 0, '', '', ''),
(1239, 1000000189, 79, 0, 0, 0, 0, 0, '', '', ''),
(1240, 1000000189, 80, 0, 0, 0, 0, 0, '', '', ''),
(1241, 1000000189, 81, 0, 0, 0, 0, 0, '', '', ''),
(1242, 1000000189, 82, 0, 0, 0, 0, 0, '', '', ''),
(1243, 1000000189, 83, 0, 0, 0, 0, 0, '', '', ''),
(1244, 1000000189, 84, 0, 0, 0, 0, 0, '', '', ''),
(1245, 1000000189, 85, 0, 0, 0, 0, 0, '', '', ''),
(1246, 1000000189, 86, 0, 0, 0, 0, 0, '', '', ''),
(1247, 1000000188, 78, 0, 0, 0, 0, 0, '', '', ''),
(1248, 1000000188, 79, 0, 0, 0, 0, 0, '', '', ''),
(1249, 1000000188, 80, 0, 0, 0, 0, 0, '', '', ''),
(1250, 1000000188, 81, 0, 0, 0, 0, 0, '', '', ''),
(1251, 1000000188, 82, 0, 0, 0, 0, 0, '', '', ''),
(1252, 1000000188, 83, 0, 0, 0, 0, 0, '', '', ''),
(1253, 1000000188, 84, 0, 0, 0, 0, 0, '', '', ''),
(1254, 1000000188, 85, 0, 0, 0, 0, 0, '', '', ''),
(1255, 1000000188, 86, 0, 0, 0, 0, 0, '', '', ''),
(1256, 1000000187, 78, 0, 0, 0, 0, 0, '', '', ''),
(1257, 1000000187, 79, 0, 0, 0, 0, 0, '', '', ''),
(1258, 1000000187, 80, 0, 0, 0, 0, 0, '', '', ''),
(1259, 1000000187, 81, 0, 0, 0, 0, 0, '', '', ''),
(1260, 1000000187, 82, 0, 0, 0, 0, 0, '', '', ''),
(1261, 1000000187, 83, 0, 0, 0, 0, 0, '', '', ''),
(1262, 1000000187, 84, 0, 0, 0, 0, 0, '', '', ''),
(1263, 1000000187, 85, 0, 0, 0, 0, 0, '', '', ''),
(1264, 1000000187, 86, 0, 0, 0, 0, 0, '', '', ''),
(1265, 1000000186, 78, 0, 0, 0, 0, 0, '', '', ''),
(1266, 1000000186, 79, 0, 0, 0, 0, 0, '', '', ''),
(1267, 1000000186, 80, 0, 0, 0, 0, 0, '', '', ''),
(1268, 1000000186, 81, 0, 0, 0, 0, 0, '', '', ''),
(1269, 1000000186, 82, 0, 0, 0, 0, 0, '', '', ''),
(1270, 1000000186, 83, 0, 0, 0, 0, 0, '', '', ''),
(1271, 1000000186, 84, 0, 0, 0, 0, 0, '', '', ''),
(1272, 1000000186, 85, 0, 0, 0, 0, 0, '', '', ''),
(1273, 1000000186, 86, 0, 0, 0, 0, 0, '', '', ''),
(1274, 1000000185, 78, 0, 0, 0, 0, 0, '', '', ''),
(1275, 1000000185, 79, 0, 0, 0, 0, 0, '', '', ''),
(1276, 1000000185, 80, 0, 0, 0, 0, 0, '', '', ''),
(1277, 1000000185, 81, 0, 0, 0, 0, 0, '', '', ''),
(1278, 1000000185, 82, 0, 0, 0, 0, 0, '', '', ''),
(1279, 1000000185, 83, 0, 0, 0, 0, 0, '', '', ''),
(1280, 1000000185, 84, 0, 0, 0, 0, 0, '', '', ''),
(1281, 1000000185, 85, 0, 0, 0, 0, 0, '', '', ''),
(1282, 1000000185, 86, 0, 0, 0, 0, 0, '', '', ''),
(1283, 1000000184, 78, 0, 0, 0, 0, 0, '', '', ''),
(1284, 1000000184, 79, 0, 0, 0, 0, 0, '', '', ''),
(1285, 1000000184, 80, 0, 0, 0, 0, 0, '', '', ''),
(1286, 1000000184, 81, 0, 0, 0, 0, 0, '', '', ''),
(1287, 1000000184, 82, 0, 0, 0, 0, 0, '', '', ''),
(1288, 1000000184, 83, 0, 0, 0, 0, 0, '', '', ''),
(1289, 1000000184, 84, 0, 0, 0, 0, 0, '', '', ''),
(1290, 1000000184, 85, 0, 0, 0, 0, 0, '', '', ''),
(1291, 1000000184, 86, 0, 0, 0, 0, 0, '', '', ''),
(1292, 1000000183, 78, 0, 0, 0, 0, 0, '', '', ''),
(1293, 1000000183, 79, 0, 0, 0, 0, 0, '', '', ''),
(1294, 1000000183, 80, 0, 0, 0, 0, 0, '', '', ''),
(1295, 1000000183, 81, 0, 0, 0, 0, 0, '', '', ''),
(1296, 1000000183, 82, 0, 0, 0, 0, 0, '', '', ''),
(1297, 1000000183, 83, 0, 0, 0, 0, 0, '', '', ''),
(1298, 1000000183, 84, 0, 0, 0, 0, 0, '', '', ''),
(1299, 1000000183, 85, 0, 0, 0, 0, 0, '', '', ''),
(1300, 1000000183, 86, 0, 0, 0, 0, 0, '', '', ''),
(1301, 1000000182, 78, 0, 0, 0, 0, 0, '', '', ''),
(1302, 1000000182, 79, 0, 0, 0, 0, 0, '', '', ''),
(1303, 1000000182, 80, 0, 0, 0, 0, 0, '', '', ''),
(1304, 1000000182, 81, 0, 0, 0, 0, 0, '', '', ''),
(1305, 1000000182, 82, 0, 0, 0, 0, 0, '', '', ''),
(1306, 1000000182, 83, 0, 0, 0, 0, 0, '', '', ''),
(1307, 1000000182, 84, 0, 0, 0, 0, 0, '', '', ''),
(1308, 1000000182, 85, 0, 0, 0, 0, 0, '', '', ''),
(1309, 1000000182, 86, 0, 0, 0, 0, 0, '', '', ''),
(1310, 1000000181, 78, 0, 0, 0, 0, 0, '', '', ''),
(1311, 1000000181, 79, 0, 0, 0, 0, 0, '', '', ''),
(1312, 1000000181, 80, 0, 0, 0, 0, 0, '', '', ''),
(1313, 1000000181, 81, 0, 0, 0, 0, 0, '', '', ''),
(1314, 1000000181, 82, 0, 0, 0, 0, 0, '', '', ''),
(1315, 1000000181, 83, 0, 0, 0, 0, 0, '', '', ''),
(1316, 1000000181, 84, 0, 0, 0, 0, 0, '', '', ''),
(1317, 1000000181, 85, 0, 0, 0, 0, 0, '', '', ''),
(1318, 1000000181, 86, 0, 0, 0, 0, 0, '', '', ''),
(1319, 1000000180, 78, 0, 0, 0, 0, 0, '', '', ''),
(1320, 1000000180, 79, 0, 0, 0, 0, 0, '', '', ''),
(1321, 1000000180, 80, 0, 0, 0, 0, 0, '', '', ''),
(1322, 1000000180, 81, 0, 0, 0, 0, 0, '', '', ''),
(1323, 1000000180, 82, 0, 0, 0, 0, 0, '', '', ''),
(1324, 1000000180, 83, 0, 0, 0, 0, 0, '', '', ''),
(1325, 1000000180, 84, 0, 0, 0, 0, 0, '', '', ''),
(1326, 1000000180, 85, 0, 0, 0, 0, 0, '', '', ''),
(1327, 1000000180, 86, 0, 0, 0, 0, 0, '', '', ''),
(1328, 1000000179, 78, 0, 0, 0, 0, 0, '', '', ''),
(1329, 1000000179, 79, 0, 0, 0, 0, 0, '', '', ''),
(1330, 1000000179, 80, 0, 0, 0, 0, 0, '', '', ''),
(1331, 1000000179, 81, 0, 0, 0, 0, 0, '', '', ''),
(1332, 1000000179, 82, 0, 0, 0, 0, 0, '', '', ''),
(1333, 1000000179, 83, 0, 0, 0, 0, 0, '', '', ''),
(1334, 1000000179, 84, 0, 0, 0, 0, 0, '', '', ''),
(1335, 1000000179, 85, 0, 0, 0, 0, 0, '', '', ''),
(1336, 1000000179, 86, 0, 0, 0, 0, 0, '', '', ''),
(1337, 1000000178, 78, 0, 0, 0, 0, 0, '', '', ''),
(1338, 1000000178, 79, 0, 0, 0, 0, 0, '', '', ''),
(1339, 1000000178, 80, 0, 0, 0, 0, 0, '', '', ''),
(1340, 1000000178, 81, 0, 0, 0, 0, 0, '', '', ''),
(1341, 1000000178, 82, 0, 0, 0, 0, 0, '', '', ''),
(1342, 1000000178, 83, 0, 0, 0, 0, 0, '', '', ''),
(1343, 1000000178, 84, 0, 0, 0, 0, 0, '', '', ''),
(1344, 1000000178, 85, 0, 0, 0, 0, 0, '', '', ''),
(1345, 1000000178, 86, 0, 0, 0, 0, 0, '', '', ''),
(1346, 1000000177, 78, 0, 0, 0, 0, 0, '', '', ''),
(1347, 1000000177, 79, 0, 0, 0, 0, 0, '', '', ''),
(1348, 1000000177, 80, 0, 0, 0, 0, 0, '', '', ''),
(1349, 1000000177, 81, 0, 0, 0, 0, 0, '', '', ''),
(1350, 1000000177, 82, 0, 0, 0, 0, 0, '', '', ''),
(1351, 1000000177, 83, 0, 0, 0, 0, 0, '', '', ''),
(1352, 1000000177, 84, 0, 0, 0, 0, 0, '', '', ''),
(1353, 1000000177, 85, 0, 0, 0, 0, 0, '', '', ''),
(1354, 1000000177, 86, 0, 0, 0, 0, 0, '', '', ''),
(1355, 1000000176, 78, 0, 0, 0, 0, 0, '', '', ''),
(1356, 1000000176, 79, 0, 0, 0, 0, 0, '', '', ''),
(1357, 1000000176, 80, 0, 0, 0, 0, 0, '', '', ''),
(1358, 1000000176, 81, 0, 0, 0, 0, 0, '', '', ''),
(1359, 1000000176, 82, 0, 0, 0, 0, 0, '', '', ''),
(1360, 1000000176, 83, 0, 0, 0, 0, 0, '', '', ''),
(1361, 1000000176, 84, 0, 0, 0, 0, 0, '', '', ''),
(1362, 1000000176, 85, 0, 0, 0, 0, 0, '', '', ''),
(1363, 1000000176, 86, 0, 0, 0, 0, 0, '', '', ''),
(1364, 1000000175, 78, 0, 0, 0, 0, 0, '', '', ''),
(1365, 1000000175, 79, 0, 0, 0, 0, 0, '', '', ''),
(1366, 1000000175, 80, 0, 0, 0, 0, 0, '', '', ''),
(1367, 1000000175, 81, 0, 0, 0, 0, 0, '', '', ''),
(1368, 1000000175, 82, 0, 0, 0, 0, 0, '', '', ''),
(1369, 1000000175, 83, 0, 0, 0, 0, 0, '', '', ''),
(1370, 1000000175, 84, 0, 0, 0, 0, 0, '', '', ''),
(1371, 1000000175, 85, 0, 0, 0, 0, 0, '', '', ''),
(1372, 1000000175, 86, 0, 0, 0, 0, 0, '', '', ''),
(1373, 1000000174, 78, 0, 0, 0, 0, 0, '', '', ''),
(1374, 1000000174, 79, 0, 0, 0, 0, 0, '', '', ''),
(1375, 1000000174, 80, 0, 0, 0, 0, 0, '', '', ''),
(1376, 1000000174, 81, 0, 0, 0, 0, 0, '', '', ''),
(1377, 1000000174, 82, 0, 0, 0, 0, 0, '', '', ''),
(1378, 1000000174, 83, 0, 0, 0, 0, 0, '', '', ''),
(1379, 1000000174, 84, 0, 0, 0, 0, 0, '', '', ''),
(1380, 1000000174, 85, 0, 0, 0, 0, 0, '', '', ''),
(1381, 1000000174, 86, 0, 0, 0, 0, 0, '', '', ''),
(1382, 1000000173, 78, 0, 0, 0, 0, 0, '', '', ''),
(1383, 1000000173, 79, 0, 0, 0, 0, 0, '', '', ''),
(1384, 1000000173, 80, 0, 0, 0, 0, 0, '', '', ''),
(1385, 1000000173, 81, 0, 0, 0, 0, 0, '', '', ''),
(1386, 1000000173, 82, 0, 0, 0, 0, 0, '', '', ''),
(1387, 1000000173, 83, 0, 0, 0, 0, 0, '', '', ''),
(1388, 1000000173, 84, 0, 0, 0, 0, 0, '', '', ''),
(1389, 1000000173, 85, 0, 0, 0, 0, 0, '', '', ''),
(1390, 1000000173, 86, 0, 0, 0, 0, 0, '', '', ''),
(1391, 1000000172, 78, 0, 0, 0, 0, 0, '', '', ''),
(1392, 1000000172, 79, 0, 0, 0, 0, 0, '', '', ''),
(1393, 1000000172, 80, 0, 0, 0, 0, 0, '', '', ''),
(1394, 1000000172, 81, 0, 0, 0, 0, 0, '', '', ''),
(1395, 1000000172, 82, 0, 0, 0, 0, 0, '', '', ''),
(1396, 1000000172, 83, 0, 0, 0, 0, 0, '', '', ''),
(1397, 1000000172, 84, 0, 0, 0, 0, 0, '', '', ''),
(1398, 1000000172, 85, 0, 0, 0, 0, 0, '', '', ''),
(1399, 1000000172, 86, 0, 0, 0, 0, 0, '', '', ''),
(1400, 1000000171, 78, 0, 0, 0, 0, 0, '', '', ''),
(1401, 1000000171, 79, 0, 0, 0, 0, 0, '', '', ''),
(1402, 1000000171, 80, 0, 0, 0, 0, 0, '', '', ''),
(1403, 1000000171, 81, 0, 0, 0, 0, 0, '', '', ''),
(1404, 1000000171, 82, 0, 0, 0, 0, 0, '', '', ''),
(1405, 1000000171, 83, 0, 0, 0, 0, 0, '', '', ''),
(1406, 1000000171, 84, 0, 0, 0, 0, 0, '', '', ''),
(1407, 1000000171, 85, 0, 0, 0, 0, 0, '', '', ''),
(1408, 1000000171, 86, 0, 0, 0, 0, 0, '', '', ''),
(1409, 1000000170, 78, 0, 0, 0, 0, 0, '', '', ''),
(1410, 1000000170, 79, 0, 0, 0, 0, 0, '', '', ''),
(1411, 1000000170, 80, 0, 0, 0, 0, 0, '', '', ''),
(1412, 1000000170, 81, 0, 0, 0, 0, 0, '', '', ''),
(1413, 1000000170, 82, 0, 0, 0, 0, 0, '', '', ''),
(1414, 1000000170, 83, 0, 0, 0, 0, 0, '', '', ''),
(1415, 1000000170, 84, 0, 0, 0, 0, 0, '', '', ''),
(1416, 1000000170, 85, 0, 0, 0, 0, 0, '', '', ''),
(1417, 1000000170, 86, 0, 0, 0, 0, 0, '', '', ''),
(1418, 1000000169, 78, 0, 0, 0, 0, 0, '', '', ''),
(1419, 1000000169, 79, 0, 0, 0, 0, 0, '', '', ''),
(1420, 1000000169, 80, 0, 0, 0, 0, 0, '', '', ''),
(1421, 1000000169, 81, 0, 0, 0, 0, 0, '', '', ''),
(1422, 1000000169, 82, 0, 0, 0, 0, 0, '', '', ''),
(1423, 1000000169, 83, 0, 0, 0, 0, 0, '', '', ''),
(1424, 1000000169, 84, 0, 0, 0, 0, 0, '', '', ''),
(1425, 1000000169, 85, 0, 0, 0, 0, 0, '', '', ''),
(1426, 1000000169, 86, 0, 0, 0, 0, 0, '', '', ''),
(1427, 1000000168, 78, 0, 0, 0, 0, 0, '', '', ''),
(1428, 1000000168, 79, 0, 0, 0, 0, 0, '', '', ''),
(1429, 1000000168, 80, 0, 0, 0, 0, 0, '', '', ''),
(1430, 1000000168, 81, 0, 0, 0, 0, 0, '', '', ''),
(1431, 1000000168, 82, 0, 0, 0, 0, 0, '', '', ''),
(1432, 1000000168, 83, 0, 0, 0, 0, 0, '', '', ''),
(1433, 1000000168, 84, 0, 0, 0, 0, 0, '', '', ''),
(1434, 1000000168, 85, 0, 0, 0, 0, 0, '', '', ''),
(1435, 1000000168, 86, 0, 0, 0, 0, 0, '', '', ''),
(1436, 1000000167, 78, 0, 0, 0, 0, 0, '', '', ''),
(1437, 1000000167, 79, 0, 0, 0, 0, 0, '', '', ''),
(1438, 1000000167, 80, 0, 0, 0, 0, 0, '', '', ''),
(1439, 1000000167, 81, 0, 0, 0, 0, 0, '', '', ''),
(1440, 1000000167, 82, 0, 0, 0, 0, 0, '', '', ''),
(1441, 1000000167, 83, 0, 0, 0, 0, 0, '', '', ''),
(1442, 1000000167, 84, 0, 0, 0, 0, 0, '', '', ''),
(1443, 1000000167, 85, 0, 0, 0, 0, 0, '', '', ''),
(1444, 1000000167, 86, 0, 0, 0, 0, 0, '', '', ''),
(1445, 1000000166, 78, 0, 0, 0, 0, 0, '', '', ''),
(1446, 1000000166, 79, 0, 0, 0, 0, 0, '', '', ''),
(1447, 1000000166, 80, 0, 0, 0, 0, 0, '', '', ''),
(1448, 1000000166, 81, 0, 0, 0, 0, 0, '', '', ''),
(1449, 1000000166, 82, 0, 0, 0, 0, 0, '', '', ''),
(1450, 1000000166, 83, 0, 0, 0, 0, 0, '', '', ''),
(1451, 1000000166, 84, 0, 0, 0, 0, 0, '', '', ''),
(1452, 1000000166, 85, 0, 0, 0, 0, 0, '', '', ''),
(1453, 1000000166, 86, 0, 0, 0, 0, 0, '', '', ''),
(1454, 1000000165, 78, 0, 0, 0, 0, 0, '', '', ''),
(1455, 1000000165, 79, 0, 0, 0, 0, 0, '', '', ''),
(1456, 1000000165, 80, 0, 0, 0, 0, 0, '', '', ''),
(1457, 1000000165, 81, 0, 0, 0, 0, 0, '', '', ''),
(1458, 1000000165, 82, 0, 0, 0, 0, 0, '', '', ''),
(1459, 1000000165, 83, 0, 0, 0, 0, 0, '', '', ''),
(1460, 1000000165, 84, 0, 0, 0, 0, 0, '', '', ''),
(1461, 1000000165, 85, 0, 0, 0, 0, 0, '', '', ''),
(1462, 1000000165, 86, 0, 0, 0, 0, 0, '', '', ''),
(1463, 1000000164, 78, 0, 0, 0, 0, 0, '', '', ''),
(1464, 1000000164, 79, 0, 0, 0, 0, 0, '', '', ''),
(1465, 1000000164, 80, 0, 0, 0, 0, 0, '', '', ''),
(1466, 1000000164, 81, 0, 0, 0, 0, 0, '', '', ''),
(1467, 1000000164, 82, 0, 0, 0, 0, 0, '', '', ''),
(1468, 1000000164, 83, 0, 0, 0, 0, 0, '', '', ''),
(1469, 1000000164, 84, 0, 0, 0, 0, 0, '', '', ''),
(1470, 1000000164, 85, 0, 0, 0, 0, 0, '', '', ''),
(1471, 1000000164, 86, 0, 0, 0, 0, 0, '', '', ''),
(1472, 1000000163, 78, 0, 0, 0, 0, 0, '', '', ''),
(1473, 1000000163, 79, 0, 0, 0, 0, 0, '', '', ''),
(1474, 1000000163, 80, 0, 0, 0, 0, 0, '', '', ''),
(1475, 1000000163, 81, 0, 0, 0, 0, 0, '', '', ''),
(1476, 1000000163, 82, 0, 0, 0, 0, 0, '', '', ''),
(1477, 1000000163, 83, 0, 0, 0, 0, 0, '', '', ''),
(1478, 1000000163, 84, 0, 0, 0, 0, 0, '', '', ''),
(1479, 1000000163, 85, 0, 0, 0, 0, 0, '', '', ''),
(1480, 1000000163, 86, 0, 0, 0, 0, 0, '', '', ''),
(1481, 1000000162, 176, 0, 0, 0, 0, 0, '', '', ''),
(1482, 1000000162, 177, 0, 0, 0, 0, 0, '', '', ''),
(1483, 1000000162, 178, 0, 0, 0, 0, 0, '', '', ''),
(1484, 1000000162, 179, 0, 0, 0, 0, 0, '', '', ''),
(1485, 1000000162, 180, 0, 0, 0, 0, 0, '', '', ''),
(1486, 1000000162, 181, 0, 0, 0, 0, 0, '', '', ''),
(1487, 1000000162, 182, 0, 0, 0, 0, 0, '', '', ''),
(1488, 1000000162, 345, 0, 0, 0, 0, 0, '', '', ''),
(1489, 100000098, 78, 96, 97, 80, 80, 86.6, 'Passed', '', ''),
(1490, 100000098, 79, 70, 70, 70, 70, 70, 'Failed', '', ''),
(1491, 100000098, 80, 90, 87, 87, 87, 87.6, 'Passed', '', ''),
(1492, 100000098, 81, 87, 87, 87, 87, 87, 'Passed', '', ''),
(1493, 100000098, 82, 76, 90, 90, 98, 90.4, 'Passed', '', ''),
(1494, 100000098, 83, 87, 87, 87, 87, 87, 'Passed', '', ''),
(1495, 100000098, 84, 87, 89, 86, 85, 86.4, 'Passed', '', ''),
(1496, 100000098, 85, 87, 87, 89, 86, 87, 'Passed', '', ''),
(1497, 100000098, 86, 85, 84, 84, 93, 87.8, 'Passed', '', ''),
(1498, 1000000156, 78, 0, 0, 0, 0, 0, '', '', ''),
(1499, 1000000156, 79, 0, 0, 0, 0, 0, '', '', ''),
(1500, 1000000156, 80, 0, 0, 0, 0, 0, '', '', ''),
(1501, 1000000156, 81, 0, 0, 0, 0, 0, '', '', ''),
(1502, 1000000156, 82, 0, 0, 0, 0, 0, '', '', ''),
(1503, 1000000156, 83, 0, 0, 0, 0, 0, '', '', ''),
(1504, 1000000156, 84, 0, 0, 0, 0, 0, '', '', ''),
(1505, 1000000156, 85, 0, 0, 0, 0, 0, '', '', ''),
(1506, 1000000156, 86, 0, 0, 0, 0, 0, '', '', ''),
(1507, 1000000204, 206, 0, 0, 0, 0, 0, '', '', ''),
(1508, 1000000204, 207, 0, 0, 0, 0, 0, '', '', ''),
(1509, 1000000204, 208, 0, 0, 0, 0, 0, '', '', ''),
(1510, 1000000204, 209, 0, 0, 0, 0, 0, '', '', ''),
(1511, 1000000204, 210, 0, 0, 0, 0, 0, '', '', ''),
(1512, 1000000204, 211, 0, 0, 0, 0, 0, '', '', ''),
(1513, 1000000204, 212, 0, 0, 0, 0, 0, '', '', ''),
(1514, 1000000204, 213, 0, 0, 0, 0, 0, '', '', ''),
(1515, 1000000205, 206, 0, 0, 0, 0, 0, '', '', ''),
(1516, 1000000205, 207, 0, 0, 0, 0, 0, '', '', ''),
(1517, 1000000205, 208, 0, 0, 0, 0, 0, '', '', ''),
(1518, 1000000205, 209, 0, 0, 0, 0, 0, '', '', ''),
(1519, 1000000205, 210, 0, 0, 0, 0, 0, '', '', ''),
(1520, 1000000205, 211, 0, 0, 0, 0, 0, '', '', ''),
(1521, 1000000205, 212, 0, 0, 0, 0, 0, '', '', ''),
(1522, 1000000205, 213, 0, 0, 0, 0, 0, '', '', ''),
(1523, 10000002, 1, 0, 0, 0, 0, 0, '', '', ''),
(1524, 10000002, 2, 0, 0, 0, 0, 0, '', '', ''),
(1525, 10000002, 3, 0, 0, 0, 0, 0, '', '', ''),
(1526, 10000002, 4, 0, 0, 0, 0, 0, '', '', ''),
(1527, 10000002, 5, 0, 0, 0, 0, 0, '', '', ''),
(1528, 10000003, 1, 0, 0, 0, 0, 0, '', '', ''),
(1529, 10000003, 2, 0, 0, 0, 0, 0, '', '', ''),
(1530, 10000003, 3, 0, 0, 0, 0, 0, '', '', ''),
(1531, 10000003, 4, 0, 0, 0, 0, 0, '', '', ''),
(1532, 10000003, 5, 0, 0, 0, 0, 0, '', '', '');

-- --------------------------------------------------------

--
-- Table structure for table `schoolyr`
--

CREATE TABLE `schoolyr` (
  `SYID` int(11) NOT NULL,
  `AY` varchar(30) NOT NULL,
  `SEMESTER` varchar(20) NOT NULL,
  `COURSE_ID` int(11) NOT NULL,
  `IDNO` int(30) NOT NULL,
  `CATEGORY` varchar(30) NOT NULL DEFAULT 'ENROLLED',
  `DATE_RESERVED` datetime NOT NULL,
  `DATE_ENROLLED` datetime NOT NULL,
  `STATUS` varchar(30) NOT NULL DEFAULT 'New'
) ENGINE=InnoDB DEFAULT CHARSET=latin1;

--
-- Dumping data for table `schoolyr`
--

INSERT INTO `schoolyr` (`SYID`, `AY`, `SEMESTER`, `COURSE_ID`, `IDNO`, `CATEGORY`, `DATE_RESERVED`, `DATE_ENROLLED`, `STATUS`) VALUES
(1, '2023-2024', 'Second', 1, 10000001, 'ENROLLED', '2023-11-02 00:00:00', '2023-11-02 00:00:00', 'New'),
(2, '2023-2024', 'First', 1, 10000002, 'ENROLLED', '2023-11-02 00:00:00', '2023-11-02 00:00:00', 'New'),
(3, '2023-2024', 'First', 1, 10000003, 'ENROLLED', '2023-11-02 00:00:00', '2023-11-02 00:00:00', 'New');

-- --------------------------------------------------------

--
-- Table structure for table `studentschedule`
--

CREATE TABLE `studentschedule` (
  `CLASS_ID` int(11) NOT NULL,
  `SUBJ_ID` int(11) NOT NULL,
  `schedID` int(11) NOT NULL,
  `AY` varchar(11) NOT NULL,
  `DAY` varchar(20) NOT NULL,
  `C_TIME` varchar(30) NOT NULL,
  `IDNO` int(11) NOT NULL,
  `ROOM` text NOT NULL,
  `CSECTION` varchar(30) NOT NULL DEFAULT 'NONE',
  `COURSE_ID` int(11) NOT NULL,
  `SEMESTER` varchar(30) NOT NULL
) ENGINE=InnoDB DEFAULT CHARSET=latin1;

-- --------------------------------------------------------

--
-- Table structure for table `studentsubjects`
--

CREATE TABLE `studentsubjects` (
  `STUDSUBJ_ID` int(11) NOT NULL,
  `IDNO` int(11) NOT NULL,
  `SUBJ_ID` int(11) NOT NULL,
  `LEVEL` int(11) NOT NULL,
  `SEMESTER` varchar(30) NOT NULL,
  `SY` text NOT NULL,
  `ATTEMP` int(11) NOT NULL,
  `AVERAGE` double NOT NULL,
  `OUTCOME` text NOT NULL
) ENGINE=InnoDB DEFAULT CHARSET=latin1;

--
-- Dumping data for table `studentsubjects`
--

INSERT INTO `studentsubjects` (`STUDSUBJ_ID`, `IDNO`, `SUBJ_ID`, `LEVEL`, `SEMESTER`, `SY`, `ATTEMP`, `AVERAGE`, `OUTCOME`) VALUES
(1, 10000002, 1, 1, 'First', '2023-2024', 1, 0, ''),
(2, 10000002, 2, 1, 'First', '2023-2024', 1, 0, ''),
(3, 10000002, 3, 1, 'First', '2023-2024', 1, 0, ''),
(4, 10000002, 4, 1, 'First', '2023-2024', 1, 0, ''),
(5, 10000002, 5, 1, 'First', '2023-2024', 1, 0, ''),
(6, 10000003, 1, 1, 'First', '2023-2024', 1, 0, ''),
(7, 10000003, 2, 1, 'First', '2023-2024', 1, 0, ''),
(8, 10000003, 3, 1, 'First', '2023-2024', 1, 0, ''),
(9, 10000003, 4, 1, 'First', '2023-2024', 1, 0, ''),
(10, 10000003, 5, 1, 'First', '2023-2024', 1, 0, '');

-- --------------------------------------------------------

--
-- Table structure for table `subject`
--

CREATE TABLE `subject` (
  `SUBJ_ID` int(11) NOT NULL,
  `SUBJ_CODE` varchar(30) NOT NULL,
  `SUBJ_DESCRIPTION` varchar(255) NOT NULL,
  `UNIT` int(2) NOT NULL,
  `PRE_REQUISITE` varchar(30) NOT NULL DEFAULT 'None',
  `COURSE_ID` int(11) NOT NULL,
  `AY` varchar(30) NOT NULL,
  `SEMESTER` varchar(20) NOT NULL,
  `PreTaken` tinyint(1) NOT NULL
) ENGINE=InnoDB DEFAULT CHARSET=latin1;

--
-- Dumping data for table `subject`
--

INSERT INTO `subject` (`SUBJ_ID`, `SUBJ_CODE`, `SUBJ_DESCRIPTION`, `UNIT`, `PRE_REQUISITE`, `COURSE_ID`, `AY`, `SEMESTER`, `PreTaken`) VALUES
(1, 'Oral Communication', 'Oral Communication', 2, 'N/A', 1, '', 'First', 0),
(2, 'Komunikasyon at Pananaliksik s', 'Komunikasyon at Pananaliksik sa Wika at Kulturang Pilipino', 2, 'N/A', 1, '', 'First', 0),
(3, 'General Mathematic', 'General Mathematic', 2, 'N/A', 1, '', 'First', 0),
(4, 'Earth and Life Science', 'Earth and Life Science', 2, 'N/A', 1, '', 'First', 0),
(5, ' Personal Development/ Pansari', ' Personal Development/ Pansariling Kaunlaran', 2, 'N/A', 1, '', 'First', 0);

-- --------------------------------------------------------

--
-- Table structure for table `tblauto`
--

CREATE TABLE `tblauto` (
  `ID` int(11) NOT NULL,
  `autocode` varchar(255) DEFAULT NULL,
  `autoname` varchar(255) DEFAULT NULL,
  `appendchar` varchar(255) DEFAULT NULL,
  `autostart` int(11) DEFAULT 0,
  `autoend` int(11) DEFAULT 0,
  `incrementvalue` int(11) DEFAULT NULL
) ENGINE=MyISAM DEFAULT CHARSET=utf8;

--
-- Dumping data for table `tblauto`
--

INSERT INTO `tblauto` (`ID`, `autocode`, `autoname`, `appendchar`, `autostart`, `autoend`, `incrementvalue`) VALUES
(1, 'Asset', 'Asset', 'ASitem', 0, 3, 1),
(2, 'Trans', 'Transaction', 'TrAnS', 1, 5, 1),
(3, 'SIDNO', 'IDNO', '2015', 1000000, 6, 1),
(4, 'EMPLOYEE', 'EMPID', '020010', 0, 2, 1);

-- --------------------------------------------------------

--
-- Table structure for table `tblinstructor`
--

CREATE TABLE `tblinstructor` (
  `INST_ID` int(11) NOT NULL,
  `INST_NAME` varchar(90) NOT NULL,
  `INST_MAJOR` varchar(90) NOT NULL,
  `INST_CONTACT` varchar(30) NOT NULL
) ENGINE=InnoDB DEFAULT CHARSET=latin1;

--
-- Dumping data for table `tblinstructor`
--

INSERT INTO `tblinstructor` (`INST_ID`, `INST_NAME`, `INST_MAJOR`, `INST_CONTACT`) VALUES
(1, 'Jexson Demayuga', 'ICT', '0986736432'),
(2, 'Diane Brucal', 'ICT', '09788734234');

-- --------------------------------------------------------

--
-- Table structure for table `tbllogs`
--

CREATE TABLE `tbllogs` (
  `LOGID` int(11) NOT NULL,
  `USERID` int(11) NOT NULL,
  `LOGDATETIME` datetime NOT NULL,
  `LOGROLE` varchar(55) NOT NULL,
  `LOGMODE` varchar(55) NOT NULL
) ENGINE=InnoDB DEFAULT CHARSET=latin1;

--
-- Dumping data for table `tbllogs`
--

INSERT INTO `tbllogs` (`LOGID`, `USERID`, `LOGDATETIME`, `LOGROLE`, `LOGMODE`) VALUES
(1, 1000000205, '2023-11-02 14:57:22', 'Student', 'Logged out'),
(2, 10000001, '2023-11-02 16:03:36', 'Student', 'Logged out'),
(3, 10000002, '2023-11-02 16:06:11', 'Student', 'Logged out'),
(4, 10000001, '2023-11-02 16:11:15', 'Student', 'Logged out'),
(5, 1, '2023-11-03 13:00:28', 'Administrator', 'Logged in'),
(6, 1, '2023-11-04 06:38:03', 'Administrator', 'Logged in'),
(7, 1, '2023-11-04 06:41:47', 'Administrator', 'Logged out'),
(8, 1, '2023-11-04 06:41:54', 'Registrar', 'Logged in'),
(9, 10000002, '2023-11-09 12:53:06', 'Student', 'Logged out'),
(10, 10000004, '2023-11-09 17:43:54', 'Student', 'Logged out'),
(11, 1, '2023-11-10 09:11:23', 'Registrar', 'Logged in'),
(12, 1, '2023-11-10 09:12:49', 'Registrar', 'Logged out'),
(13, 1, '2023-11-10 09:12:56', 'Administrator', 'Logged in'),
(14, 10000003, '2023-11-10 15:20:14', 'Student', 'Logged out'),
(15, 10000005, '2023-11-10 15:22:32', 'Student', 'Logged out');

-- --------------------------------------------------------

--
-- Table structure for table `tblpayment`
--

CREATE TABLE `tblpayment` (
  `PAYMENTID` int(11) NOT NULL,
  `IDNO` int(11) NOT NULL,
  `COURSE_ID` int(11) NOT NULL,
  `COURSE_LEVEL` int(11) NOT NULL,
  `SEMESTER` varchar(30) NOT NULL,
  `ENTRANCEFEE` double NOT NULL,
  `TOTALUNITS` double NOT NULL,
  `TOTALSEMESTER` double NOT NULL,
  `PARTIALPAYMENT` double NOT NULL,
  `BALANCE` double NOT NULL
) ENGINE=InnoDB DEFAULT CHARSET=latin1;

-- --------------------------------------------------------

--
-- Table structure for table `tblschedule`
--

CREATE TABLE `tblschedule` (
  `schedID` int(11) NOT NULL,
  `TIME_FROM` varchar(90) NOT NULL,
  `TIME_TO` varchar(90) NOT NULL,
  `sched_time` varchar(30) NOT NULL,
  `sched_day` varchar(30) NOT NULL,
  `sched_semester` varchar(30) NOT NULL,
  `sched_sy` varchar(30) NOT NULL,
  `sched_room` varchar(30) NOT NULL,
  `SECTION` varchar(30) NOT NULL,
  `COURSE_ID` int(11) NOT NULL,
  `SUBJ_ID` int(11) NOT NULL,
  `INST_ID` int(11) NOT NULL
) ENGINE=InnoDB DEFAULT CHARSET=latin1;

--
-- Dumping data for table `tblschedule`
--

INSERT INTO `tblschedule` (`schedID`, `TIME_FROM`, `TIME_TO`, `sched_time`, `sched_day`, `sched_semester`, `sched_sy`, `sched_room`, `SECTION`, `COURSE_ID`, `SUBJ_ID`, `INST_ID`) VALUES
(1, '08:00 am', '09:00 am', '08:00 am-09:00 am', 'MTWF', 'First', '2023-2024', '202', '1', 1, 1, 2),
(2, '10:00 am', '11:00 am', '10:00 am-11:00 am', 'TF', 'First', '2023-2024', '202', '1', 1, 2, 1),
(3, '12:00 pm', '01:00 pm', '12:00 pm-01:00 pm', 'MTWF', 'First', '2023-2024', '202', '1', 1, 3, 1);

-- --------------------------------------------------------

--
-- Table structure for table `tblsemester`
--

CREATE TABLE `tblsemester` (
  `SEMID` int(11) NOT NULL,
  `SEMESTER` varchar(90) NOT NULL,
  `SETSEM` tinyint(1) NOT NULL
) ENGINE=InnoDB DEFAULT CHARSET=latin1;

--
-- Dumping data for table `tblsemester`
--

INSERT INTO `tblsemester` (`SEMID`, `SEMESTER`, `SETSEM`) VALUES
(1, 'First', 1),
(2, 'Second', 0);

-- --------------------------------------------------------

--
-- Table structure for table `tblstuddetails`
--

CREATE TABLE `tblstuddetails` (
  `DETAIL_ID` int(11) NOT NULL,
  `GUARDIAN` varchar(255) NOT NULL,
  `GUARDIAN_ADDRESS` varchar(255) NOT NULL,
  `GCONTACT` varchar(40) NOT NULL,
  `IDNO` int(30) NOT NULL
) ENGINE=InnoDB DEFAULT CHARSET=latin1;

--
-- Dumping data for table `tblstuddetails`
--

INSERT INTO `tblstuddetails` (`DETAIL_ID`, `GUARDIAN`, `GUARDIAN_ADDRESS`, `GCONTACT`, `IDNO`) VALUES
(137, 'Lucio Abe', '', '0988456745', 10000001),
(138, 'Lucio Abe', '', '09875745634', 10000002),
(139, 'Lucio Abe', '', '0978578345', 10000003),
(140, 'Lucio Abe', '', '09877857354', 10000002),
(141, 'Lucio Abe', '', '09873654234', 10000004),
(142, 'Lucio Abe', '', '0987584535', 10000005);

-- --------------------------------------------------------

--
-- Table structure for table `tblstudent`
--

CREATE TABLE `tblstudent` (
  `S_ID` int(11) NOT NULL,
  `IDNO` int(20) NOT NULL,
  `FNAME` varchar(40) NOT NULL,
  `LNAME` varchar(40) NOT NULL,
  `MNAME` varchar(40) NOT NULL,
  `SEX` varchar(10) NOT NULL DEFAULT 'Male',
  `BDAY` date NOT NULL,
  `BPLACE` text NOT NULL,
  `STATUS` varchar(30) NOT NULL,
  `AGE` int(30) NOT NULL,
  `NATIONALITY` varchar(40) NOT NULL,
  `RELIGION` varchar(255) NOT NULL,
  `CONTACT_NO` varchar(40) NOT NULL,
  `HOME_ADD` text NOT NULL,
  `ACC_USERNAME` varchar(255) NOT NULL,
  `ACC_PASSWORD` text NOT NULL,
  `student_status` text NOT NULL,
  `YEARLEVEL` int(11) NOT NULL,
  `STUDSECTION` int(11) NOT NULL,
  `COURSE_ID` int(11) NOT NULL,
  `STUDPHOTO` varchar(255) NOT NULL,
  `SEMESTER` varchar(30) NOT NULL,
  `SYEAR` varchar(30) NOT NULL,
  `NewEnrollees` tinyint(1) NOT NULL,
  `file` varchar(225) NOT NULL,
  `enrollment_status` varchar(225) NOT NULL
) ENGINE=InnoDB DEFAULT CHARSET=latin1;

--
-- Dumping data for table `tblstudent`
--

INSERT INTO `tblstudent` (`S_ID`, `IDNO`, `FNAME`, `LNAME`, `MNAME`, `SEX`, `BDAY`, `BPLACE`, `STATUS`, `AGE`, `NATIONALITY`, `RELIGION`, `CONTACT_NO`, `HOME_ADD`, `ACC_USERNAME`, `ACC_PASSWORD`, `student_status`, `YEARLEVEL`, `STUDSECTION`, `COURSE_ID`, `STUDPHOTO`, `SEMESTER`, `SYEAR`, `NewEnrollees`, `file`, `enrollment_status`) VALUES
(1, 10000003, 'Angelikajane', 'Lugar', 'B', 'Female', '2002-12-03', 'Lemery Batangas', 'Single', 0, 'Filipino', 'Return to Christ', '0988753453', 'Gasang Mabini Batangas', 'angelika@gmail.com', '74f24313647efabbaba42462a0fa8b42abc1fd2a', 'New', 1, 1, 1, 'student_image/6596074.png', 'First', '', 0, '', 'Enrolled'),
(2, 10000002, 'Lhudymuel', 'Abe', 'I', 'Male', '2002-08-26', 'Calapan Mindoro City', 'Single', 0, 'Filipino', 'Catholic', '0988753845', 'Gasang Mabini Batangas', 'lhudymuel@gmail.com', '74f24313647efabbaba42462a0fa8b42abc1fd2a', 'New', 1, 0, 1, 'student_image/6596074.png', 'First', '', 1, '', ''),
(3, 10000004, 'Alexandra', 'Rodero', 'B', 'Female', '2002-08-26', 'Calapan Mindoro City', 'Single', 0, 'Filipino', 'Catholic', '09878273423', 'Gasang Mabini Batangas', 'alex@gmail.com', '74f24313647efabbaba42462a0fa8b42abc1fd2a', 'New', 1, 0, 1, '', 'First', '', 1, '', ''),
(4, 10000005, 'Erica Grace', 'Mistica', 'B', 'Female', '2002-08-26', 'Lemery Batangas', 'Single', 0, 'Filipino', 'Catholic', '0987834534', 'Gasang Mabini Batangas', 'erica@gmail.com', '74f24313647efabbaba42462a0fa8b42abc1fd2a', 'New', 1, 0, 1, '', 'First', '', 1, '', '');

-- --------------------------------------------------------

--
-- Table structure for table `useraccounts`
--

CREATE TABLE `useraccounts` (
  `ACCOUNT_ID` int(11) NOT NULL,
  `ACCOUNT_NAME` varchar(255) NOT NULL,
  `ACCOUNT_USERNAME` varchar(255) NOT NULL,
  `ACCOUNT_PASSWORD` text NOT NULL,
  `ACCOUNT_TYPE` varchar(30) NOT NULL,
  `EMPID` int(11) NOT NULL,
  `USERIMAGE` varchar(255) NOT NULL
) ENGINE=InnoDB DEFAULT CHARSET=latin1;

--
-- Dumping data for table `useraccounts`
--

INSERT INTO `useraccounts` (`ACCOUNT_ID`, `ACCOUNT_NAME`, `ACCOUNT_USERNAME`, `ACCOUNT_PASSWORD`, `ACCOUNT_TYPE`, `EMPID`, `USERIMAGE`) VALUES
(1, 'AASMNHS REGISTRAR/ ADMIN', 'AASMNHS ', 'd033e22ae348aeb5660fc2140aec35850c4da997', 'Administrator', 1234, 'photos/logonbg.png');

--
-- Indexes for dumped tables
--

--
-- Indexes for table `course`
--
ALTER TABLE `course`
  ADD PRIMARY KEY (`COURSE_ID`),
  ADD KEY `DEPT_ID` (`DEPT_ID`);

--
-- Indexes for table `department`
--
ALTER TABLE `department`
  ADD PRIMARY KEY (`DEPT_ID`);

--
-- Indexes for table `grades`
--
ALTER TABLE `grades`
  ADD PRIMARY KEY (`GRADE_ID`),
  ADD KEY `IDNO` (`IDNO`);

--
-- Indexes for table `schoolyr`
--
ALTER TABLE `schoolyr`
  ADD PRIMARY KEY (`SYID`),
  ADD KEY `IDNO` (`IDNO`);

--
-- Indexes for table `studentschedule`
--
ALTER TABLE `studentschedule`
  ADD PRIMARY KEY (`CLASS_ID`),
  ADD KEY `IDNO` (`IDNO`),
  ADD KEY `schedID` (`schedID`);

--
-- Indexes for table `studentsubjects`
--
ALTER TABLE `studentsubjects`
  ADD PRIMARY KEY (`STUDSUBJ_ID`),
  ADD KEY `IDNO` (`IDNO`),
  ADD KEY `SUBJ_ID` (`SUBJ_ID`);

--
-- Indexes for table `subject`
--
ALTER TABLE `subject`
  ADD PRIMARY KEY (`SUBJ_ID`),
  ADD KEY `COURSE_ID` (`COURSE_ID`);

--
-- Indexes for table `tblauto`
--
ALTER TABLE `tblauto`
  ADD PRIMARY KEY (`ID`),
  ADD KEY `autocode` (`autocode`);

--
-- Indexes for table `tblinstructor`
--
ALTER TABLE `tblinstructor`
  ADD PRIMARY KEY (`INST_ID`);

--
-- Indexes for table `tbllogs`
--
ALTER TABLE `tbllogs`
  ADD PRIMARY KEY (`LOGID`);

--
-- Indexes for table `tblpayment`
--
ALTER TABLE `tblpayment`
  ADD PRIMARY KEY (`PAYMENTID`),
  ADD KEY `IDNO` (`IDNO`);

--
-- Indexes for table `tblschedule`
--
ALTER TABLE `tblschedule`
  ADD PRIMARY KEY (`schedID`),
  ADD KEY `COURSE_ID` (`COURSE_ID`),
  ADD KEY `SUBJ_ID` (`SUBJ_ID`);

--
-- Indexes for table `tblsemester`
--
ALTER TABLE `tblsemester`
  ADD PRIMARY KEY (`SEMID`);

--
-- Indexes for table `tblstuddetails`
--
ALTER TABLE `tblstuddetails`
  ADD PRIMARY KEY (`DETAIL_ID`),
  ADD KEY `IDNO` (`IDNO`);

--
-- Indexes for table `tblstudent`
--
ALTER TABLE `tblstudent`
  ADD PRIMARY KEY (`S_ID`),
  ADD UNIQUE KEY `IDNO` (`IDNO`);

--
-- Indexes for table `useraccounts`
--
ALTER TABLE `useraccounts`
  ADD PRIMARY KEY (`ACCOUNT_ID`),
  ADD UNIQUE KEY `ACCOUNT_USERNAME` (`ACCOUNT_USERNAME`);

--
-- AUTO_INCREMENT for dumped tables
--

--
-- AUTO_INCREMENT for table `course`
--
ALTER TABLE `course`
  MODIFY `COURSE_ID` int(11) NOT NULL AUTO_INCREMENT, AUTO_INCREMENT=3;

--
-- AUTO_INCREMENT for table `department`
--
ALTER TABLE `department`
  MODIFY `DEPT_ID` int(11) NOT NULL AUTO_INCREMENT, AUTO_INCREMENT=38;

--
-- AUTO_INCREMENT for table `grades`
--
ALTER TABLE `grades`
  MODIFY `GRADE_ID` int(11) NOT NULL AUTO_INCREMENT, AUTO_INCREMENT=1533;

--
-- AUTO_INCREMENT for table `schoolyr`
--
ALTER TABLE `schoolyr`
  MODIFY `SYID` int(11) NOT NULL AUTO_INCREMENT, AUTO_INCREMENT=4;

--
-- AUTO_INCREMENT for table `studentschedule`
--
ALTER TABLE `studentschedule`
  MODIFY `CLASS_ID` int(11) NOT NULL AUTO_INCREMENT;

--
-- AUTO_INCREMENT for table `studentsubjects`
--
ALTER TABLE `studentsubjects`
  MODIFY `STUDSUBJ_ID` int(11) NOT NULL AUTO_INCREMENT, AUTO_INCREMENT=11;

--
-- AUTO_INCREMENT for table `subject`
--
ALTER TABLE `subject`
  MODIFY `SUBJ_ID` int(11) NOT NULL AUTO_INCREMENT, AUTO_INCREMENT=6;

--
-- AUTO_INCREMENT for table `tblauto`
--
ALTER TABLE `tblauto`
  MODIFY `ID` int(11) NOT NULL AUTO_INCREMENT, AUTO_INCREMENT=5;

--
-- AUTO_INCREMENT for table `tblinstructor`
--
ALTER TABLE `tblinstructor`
  MODIFY `INST_ID` int(11) NOT NULL AUTO_INCREMENT, AUTO_INCREMENT=3;

--
-- AUTO_INCREMENT for table `tbllogs`
--
ALTER TABLE `tbllogs`
  MODIFY `LOGID` int(11) NOT NULL AUTO_INCREMENT, AUTO_INCREMENT=16;

--
-- AUTO_INCREMENT for table `tblpayment`
--
ALTER TABLE `tblpayment`
  MODIFY `PAYMENTID` int(11) NOT NULL AUTO_INCREMENT, AUTO_INCREMENT=45;

--
-- AUTO_INCREMENT for table `tblschedule`
--
ALTER TABLE `tblschedule`
  MODIFY `schedID` int(11) NOT NULL AUTO_INCREMENT, AUTO_INCREMENT=4;

--
-- AUTO_INCREMENT for table `tblsemester`
--
ALTER TABLE `tblsemester`
  MODIFY `SEMID` int(11) NOT NULL AUTO_INCREMENT, AUTO_INCREMENT=3;

--
-- AUTO_INCREMENT for table `tblstuddetails`
--
ALTER TABLE `tblstuddetails`
  MODIFY `DETAIL_ID` int(11) NOT NULL AUTO_INCREMENT, AUTO_INCREMENT=143;

--
-- AUTO_INCREMENT for table `tblstudent`
--
ALTER TABLE `tblstudent`
  MODIFY `S_ID` int(11) NOT NULL AUTO_INCREMENT, AUTO_INCREMENT=5;

--
-- AUTO_INCREMENT for table `useraccounts`
--
ALTER TABLE `useraccounts`
  MODIFY `ACCOUNT_ID` int(11) NOT NULL AUTO_INCREMENT, AUTO_INCREMENT=3;
COMMIT;

/*!40101 SET CHARACTER_SET_CLIENT=@OLD_CHARACTER_SET_CLIENT */;
/*!40101 SET CHARACTER_SET_RESULTS=@OLD_CHARACTER_SET_RESULTS */;
/*!40101 SET COLLATION_CONNECTION=@OLD_COLLATION_CONNECTION */;
